sp,x,y
sp34,-43.581111,-19.237361
sp34,-43.71440125,-19.16889954
sp34,-43.509417,-19.24875
sp34,-43.537556,-19.319333
sp34,-43.305278,-19.145
sp34,-43.353611,-19.134722
sp34,-43.321389,-19.190833
sp34,-43.345278,-19.141389
sp34,-43.334444,-19.181389
sp34,-43.592139,-19.237194
sp34,-43.3125,-19.153611
sp34,-43.523611,-19.259944
sp34,-43.583889,-19.2475
sp34,-43.498889,-19.235
